{"mean": [166.34413407821225, 166.38324022346367, 166.41899441340783, 166.4564245810056, 166.49441340782124, 166.5810055865922, 166.6854748603352, 166.77988826815644, 166.90893854748603, 167.0368715083799, 167.1564245810056, 167.27932960893858, 167.39385474860336, 167.46536312849165, 167.48491620111736, 167.5100558659218, 167.55251396648046, 167.60223463687154, 167.64301675977654, 167.6754189944134], "scale": [11.728512110119448, 11.685542258741789, 11.652140431801655, 11.626453200870051, 11.586602360694364, 11.496663450635383, 11.415656756749279, 11.371882309014891, 11.312781543352648, 11.304603464353946, 11.325770315960792, 11.371063323841867, 11.425455075768289, 11.462137147872086, 11.471984158100291, 11.488522788539909, 11.504656907160726, 11.526990213680515, 11.557826140287135, 11.58985586203107]}